学号,风险分,行为偏移量,画像分类,归因结论
200307700011,0.996,-0.061,自律,综合偏差
pjvyzvfj974,1.0,0.078,自律,综合偏差
pjvyzvfj977,0.93,-0.048,自律,综合偏差
pjvyzvfj989,0.93,0.007,自律,综合偏差
pjvyzvfj994,1.0,0.118,自律,行为轨迹发生显著漂移
pjvyzvfj998,1.0,-0.057,自律,综合偏差
pjvyzxbj993,0.964,-0.118,自律,综合偏差
pjvyzxbj995,0.959,-0.038,自律,综合偏差
pjvyzxbj997,0.967,0.006,自律,综合偏差
pjvyzxbj998,0.954,-0.034,自律,综合偏差
pjwqzwbj998,1.0,0.045,自律,综合偏差
pjwrqxbj882,1.0,0.141,自律,行为轨迹发生显著漂移
pjwrqxbj884,1.0,0.088,自律,综合偏差
pjwrqxbj890,1.0,0.066,自律,综合偏差
pjwrqxbj898,0.937,-0.057,自律,综合偏差
pjwrqxbj901,0.991,0.028,自律,综合偏差
pjwrqxbj905,0.935,-0.15,自律,综合偏差
pjwrqxbj911,0.945,-0.031,自律,综合偏差
pjwrqxbj913,0.935,-0.102,自律,综合偏差
pjwrqxbj916,1.0,0.106,自律,行为轨迹发生显著漂移
pjwrqxbj918,1.0,0.151,自律,行为轨迹发生显著漂移
pjwrqxbj919,1.0,0.066,自律,综合偏差
pjwrqxbj920,1.0,0.141,自律,行为轨迹发生显著漂移
pjwrqxbj923,0.943,-0.027,自律,综合偏差
pjwrqxbj924,0.936,-0.07,自律,综合偏差
pjwrqxbj925,0.936,-0.084,自律,综合偏差
pjwrqxbj926,1.0,0.059,自律,综合偏差
pjwrqxbj929,1.0,0.074,自律,综合偏差
pjwrqxbj932,0.954,0.028,自律,综合偏差
pjwrqxbj935,0.886,-0.098,自律,综合偏差
pjwrqxbj938,0.955,0.032,自律,综合偏差
pjwrqxbj944,0.891,-0.098,自律,综合偏差
pjwrqxbj945,0.888,-0.116,自律,综合偏差
pjwrqxbj948,0.887,-0.021,自律,综合偏差
pjwrqxbj949,0.888,-0.048,自律,综合偏差
pjwrqxbj951,1.0,0.113,自律,行为轨迹发生显著漂移
pjwrqxbj952,0.882,-0.013,自律,综合偏差
pjwrqxbj955,1.0,0.059,自律,综合偏差
pjwrqxbj956,1.0,0.091,自律,综合偏差
pjwrqxbj965,0.895,-0.097,自律,综合偏差
pjwrqxbj967,0.895,-0.064,自律,综合偏差
pjwrqxbj973,0.915,-0.126,自律,综合偏差
pjwrqxbj974,1.0,0.081,自律,综合偏差
pjwrqxbj977,1.0,0.103,自律,行为轨迹发生显著漂移
pjwrqxbj978,0.888,-0.0,自律,综合偏差
pjwrqxbj979,0.898,-0.006,自律,综合偏差
pjwrqxbj980,0.897,-0.127,自律,综合偏差
pjwrqxbj983,0.898,-0.037,自律,综合偏差
pjwrqxbj984,0.892,-0.064,自律,综合偏差
pjwrqxbj985,1.0,0.148,自律,行为轨迹发生显著漂移
pjwrqxbj988,0.896,-0.032,自律,综合偏差
pjwrqxbj991,0.895,-0.147,自律,综合偏差
pjwrqxbj992,0.892,-0.078,自律,综合偏差
pjwrqxbj993,0.937,0.024,自律,综合偏差
pjwrqxbj994,0.883,-0.063,自律,综合偏差
pjwrqxbj998,1.0,0.069,自律,综合偏差
pjwrzxbj996,0.878,-0.075,自律,综合偏差
pjwtqxbj913,1.0,0.056,自律,综合偏差
pjwtqxbj914,0.931,-0.078,自律,综合偏差
pjwtqxbj918,0.875,-0.052,自律,综合偏差
pjwtqxbj920,0.883,-0.064,自律,综合偏差
pjwtqxbj921,0.975,0.044,自律,综合偏差
pjwtqxbj922,1.0,0.101,自律,行为轨迹发生显著漂移
pjwtqxbj925,0.886,-0.108,自律,综合偏差
pjwtqxbj928,0.882,-0.133,自律,综合偏差
pjwtqxbj929,0.885,-0.011,自律,综合偏差
pjwtqxbj930,0.975,0.049,自律,综合偏差
pjwtqxbj931,0.885,-0.073,自律,综合偏差
pjwtqxbj932,0.858,0.052,自律,综合偏差
pjwtqxbj933,0.932,0.023,自律,综合偏差
pjwtqxbj935,0.886,-0.107,自律,综合偏差
pjwtqxbj939,0.894,0.067,自律,综合偏差
pjwtqxbj941,0.934,-0.045,自律,综合偏差
pjwtqxbj942,1.0,0.107,自律,行为轨迹发生显著漂移
pjwtqxbj943,1.0,0.118,自律,行为轨迹发生显著漂移
pjwtqxbj944,0.851,-0.059,自律,综合偏差
pjwtqxbj946,0.967,0.02,自律,综合偏差
pjwtqxbj947,0.986,0.099,自律,综合偏差
pjwtqxbj950,0.95,0.076,自律,综合偏差
pjwtqxbj952,0.855,0.006,自律,综合偏差
pjwtqxbj953,1.0,0.115,自律,行为轨迹发生显著漂移
pjwtqxbj954,0.821,-0.046,稳健,综合偏差
pjwtqxbj957,0.852,-0.006,自律,综合偏差
pjwtqxbj960,0.835,0.019,自律,综合偏差
pjwtqxbj965,0.932,-0.031,自律,综合偏差
pjwtqxbj967,0.848,-0.082,自律,综合偏差
pjwtqxbj968,0.917,0.038,自律,综合偏差
pjwtqxbj969,0.946,0.011,自律,综合偏差
pjwtqxbj971,1.0,0.096,自律,综合偏差
pjwtqxbj972,0.925,-0.051,自律,综合偏差
pjwtqxbj974,0.855,-0.111,自律,综合偏差
pjwtqxbj977,0.961,0.059,自律,综合偏差
pjwtqxbj979,1.0,0.095,自律,综合偏差
pjwtqxbj982,0.825,-0.13,自律,综合偏差
pjwtqxbj983,0.835,-0.006,自律,综合偏差
pjwtqxbj984,1.0,0.112,自律,行为轨迹发生显著漂移
pjwtqxbj985,0.833,-0.108,自律,综合偏差
pjwtqxbj987,0.909,0.037,自律,综合偏差
pjwtqxbj988,0.831,-0.137,自律,综合偏差
pjwtqxbj993,0.871,0.017,自律,综合偏差
pjwtqxbj998,0.837,-0.059,自律,综合偏差
pjwtzxbj996,0.985,0.112,自律,行为轨迹发生显著漂移
pjwuzxbj992,0.922,-0.044,自律,综合偏差
pjwuzxbj995,0.857,0.052,自律,综合偏差
pjxpqxbj911,1.0,0.098,自律,综合偏差
pjxpqxbj912,0.833,-0.044,自律,综合偏差
pjxpqxbj914,0.831,-0.051,自律,综合偏差
pjxpqxbj915,0.919,-0.145,自律,综合偏差
pjxpqxbj916,0.923,-0.095,自律,综合偏差
pjxpqxbj919,1.0,0.109,自律,行为轨迹发生显著漂移
pjxpqxbj920,0.805,-0.124,自律,综合偏差
pjxpqxbj924,1.0,0.109,自律,行为轨迹发生显著漂移
pjxpqxbj925,0.969,0.088,自律,综合偏差
pjxpqxbj926,1.0,0.089,自律,综合偏差
pjxpqxbj927,0.875,0.017,自律,综合偏差
pjxpqxbj933,0.928,-0.068,自律,综合偏差
pjxpqxbj934,0.966,0.057,自律,综合偏差
pjxpqxbj937,0.926,-0.051,自律,综合偏差
pjxpqxbj941,1.0,0.084,自律,综合偏差
pjxpqxbj944,0.927,-0.113,自律,综合偏差
pjxpqxbj945,0.928,-0.016,自律,综合偏差
pjxpqxbj954,0.844,-0.089,自律,综合偏差
pjxpqxbj955,1.0,0.071,自律,综合偏差
pjxpqxbj956,0.853,-0.025,自律,综合偏差
pjxpqxbj957,0.837,0.023,自律,综合偏差
pjxpqxbj962,0.986,0.079,自律,综合偏差
pjxpqxbj963,0.841,-0.006,自律,综合偏差
pjxpqxbj967,0.96,0.019,自律,综合偏差
pjxpqxbj969,1.0,0.109,自律,行为轨迹发生显著漂移
pjxpqxbj972,0.99,0.038,自律,综合偏差
pjxpqxbj973,1.0,0.102,自律,行为轨迹发生显著漂移
pjxpqxbj975,0.931,0.044,稳健,综合偏差
pjxpqxbj976,0.963,0.05,自律,综合偏差
pjxpqxbj977,0.937,-0.153,自律,综合偏差
pjxpqxbj978,0.881,-0.11,自律,综合偏差
pjxpqxbj979,0.938,0.001,自律,综合偏差
pjxpqxbj981,0.95,0.042,自律,综合偏差
pjxpqxbj985,0.865,-0.122,自律,综合偏差
pjxpqxbj987,0.881,-0.006,自律,综合偏差
pjxpqxbj992,0.896,-0.077,自律,综合偏差
pjxpqxbj994,0.945,-0.082,自律,综合偏差
pjxpqxbj997,0.953,-0.056,自律,综合偏差
pjxqqxbj947,1.0,0.134,自律,行为轨迹发生显著漂移
pjxqqxbj949,0.946,-0.038,自律,综合偏差
pjxqqxbj951,0.918,-0.021,自律,综合偏差
pjxqqxbj954,0.915,-0.033,自律,综合偏差
pjxqqxbj957,0.939,-0.13,自律,综合偏差
pjxqqxbj959,0.945,-0.154,自律,综合偏差
pjxqqxbj961,1.0,0.086,自律,综合偏差
pjxqqxbj964,1.0,0.058,自律,综合偏差
pjxqqxbj967,1.0,0.132,自律,行为轨迹发生显著漂移
pjxqqxbj969,1.0,0.094,稳健,综合偏差
pjxqqxbj970,0.92,-0.022,自律,综合偏差
pjxqqxbj973,0.915,-0.012,自律,综合偏差
pjxqqxbj974,0.943,-0.037,自律,综合偏差
pjxqqxbj975,0.962,0.024,自律,综合偏差
pjxqqxbj979,0.823,0.088,规范,综合偏差
pjxqqxbj982,0.928,-0.078,自律,综合偏差
pjxqqxbj985,1.0,0.036,自律,综合偏差
pjxqqxbj991,1.0,0.091,稳健,综合偏差
pjxqzxbj971,0.928,-0.128,自律,综合偏差
pjxqzxbj975,0.939,-0.096,自律,综合偏差
pjxqzxbj979,0.919,-0.062,自律,综合偏差
pjxqzxbj980,0.921,-0.104,自律,综合偏差
pjxqzxbj982,0.947,-0.11,自律,综合偏差
pjxqzxbj983,0.947,-0.15,自律,综合偏差
pjxqzxbj984,1.0,0.144,自律,行为轨迹发生显著漂移
pjxqzxbj985,0.941,-0.064,自律,综合偏差
pjxqzxbj989,0.917,-0.114,自律,综合偏差
pjxqzxbj994,1.0,0.082,稳健,综合偏差
pjxqzxbj995,0.916,-0.14,自律,综合偏差
pjxqzxbj996,0.939,-0.117,自律,综合偏差
pjxrqxbj891,0.948,0.029,稳健,综合偏差
pjxrqxbj892,0.939,-0.01,自律,综合偏差
pjxrqxbj894,0.913,-0.051,自律,综合偏差
pjxrqxbj898,0.899,-0.018,稳健,综合偏差
pjxrqxbj901,0.894,-0.07,稳健,综合偏差
pjxrqxbj903,1.0,0.08,自律,综合偏差
pjxrqxbj905,0.933,-0.142,自律,综合偏差
pjxrqxbj914,0.928,-0.016,自律,综合偏差
pjxrqxbj918,0.828,-0.102,稳健,综合偏差
pjxrqxbj919,0.832,-0.12,稳健,综合偏差
pjxrqxbj930,0.887,0.023,稳健,综合偏差
pjxrqxbj937,0.83,-0.03,稳健,综合偏差
pjxrqxbj943,1.0,0.117,自律,行为轨迹发生显著漂移
pjxrqxbj947,0.923,-0.11,自律,综合偏差
pjxrqxbj951,0.918,-0.089,自律,综合偏差
pjxrqxbj952,0.918,-0.108,自律,综合偏差
pjxrqxbj954,0.925,-0.077,自律,综合偏差
pjxrqxbj955,0.939,-0.131,自律,综合偏差
pjxrqxbj957,0.939,-0.058,自律,综合偏差
pjxrqxbj958,0.92,-0.035,自律,综合偏差
pjxrqxbj961,0.919,-0.07,自律,综合偏差
pjxrqxbj962,1.0,0.148,自律,行为轨迹发生显著漂移
pjxrqxbj963,0.943,-0.141,自律,综合偏差
pjxrqxbj969,0.994,0.035,自律,综合偏差
pjxrqxbj971,0.921,-0.087,自律,综合偏差
pjxrqxbj972,1.0,0.111,自律,行为轨迹发生显著漂移
pjxrqxbj973,0.94,-0.093,自律,综合偏差
pjxrqxbj978,0.917,-0.083,自律,综合偏差
pjxrqxbj981,0.955,-0.031,自律,综合偏差
pjxrqxbj983,0.934,-0.114,自律,综合偏差
pjxrqxbj988,1.0,0.085,自律,综合偏差
pjxrqxbj990,0.941,-0.011,自律,综合偏差
pjxrqxbj996,1.0,0.152,自律,行为轨迹发生显著漂移
pjxsqxbj758,0.863,0.093,规范,综合偏差
pjxsqxbj760,0.897,0.108,规范,行为轨迹发生显著漂移
pjxsqxbj771,1.0,0.136,自律,行为轨迹发生显著漂移
pjxsqxbj778,0.807,0.099,规范,综合偏差
pjxsqxbj780,0.955,-0.153,自律,综合偏差
pjxsqxbj784,0.951,-0.086,自律,综合偏差
pjxsqxbj786,0.936,-0.027,自律,综合偏差
pjxsqxbj787,1.0,0.061,自律,综合偏差
pjxsqxbj788,1.0,0.06,自律,综合偏差
pjxsqxbj789,0.956,-0.02,自律,综合偏差
pjxsqxbj790,1.0,0.072,自律,综合偏差
pjxsqxbj792,0.976,-0.062,自律,综合偏差
pjxsqxbj796,1.0,0.147,自律,行为轨迹发生显著漂移
pjxsqxbj800,1.0,0.149,自律,行为轨迹发生显著漂移
pjxsqxbj801,1.0,0.137,自律,行为轨迹发生显著漂移
pjxsqxbj807,0.935,-0.106,自律,综合偏差
pjxsqxbj808,0.961,-0.015,自律,综合偏差
pjxsqxbj809,1.0,0.058,自律,综合偏差
pjxsqxbj810,0.927,-0.112,自律,综合偏差
pjxsqxbj811,0.915,-0.119,稳健,综合偏差
pjxsqxbj812,0.956,-0.046,自律,综合偏差
pjxsqxbj815,1.0,0.083,稳健,综合偏差
pjxsqxbj816,0.842,-0.062,稳健,综合偏差
pjxsqxbj823,0.843,-0.003,稳健,综合偏差
pjxsqxbj824,0.836,-0.048,稳健,综合偏差
pjxsqxbj827,1.0,0.131,稳健,行为轨迹发生显著漂移
pjxsqxbj829,0.93,-0.116,自律,综合偏差
pjxsqxbj834,1.0,0.155,自律,行为轨迹发生显著漂移
pjxsqxbj843,0.867,0.094,规范,综合偏差
pjxsqxbj851,0.895,-0.013,稳健,综合偏差
pjxsqxbj856,0.943,0.007,自律,综合偏差
pjxsqxbj857,1.0,0.132,自律,行为轨迹发生显著漂移
pjxsqxbj859,0.929,-0.003,自律,综合偏差
pjxsqxbj862,1.0,0.069,自律,综合偏差
pjxsqxbj863,0.93,-0.1,自律,综合偏差
pjxsqxbj864,1.0,0.151,自律,行为轨迹发生显著漂移
pjxsqxbj867,1.0,0.063,稳健,综合偏差
pjxsqxbj871,1.0,0.046,稳健,综合偏差
pjxsqxbj872,0.91,-0.032,稳健,综合偏差
pjxsqxbj873,0.951,-0.062,自律,综合偏差
pjxsqxbj874,0.951,-0.018,自律,综合偏差
pjxsqxbj876,0.945,-0.064,自律,综合偏差
pjxsqxbj877,0.955,-0.134,自律,综合偏差
pjxsqxbj880,0.922,-0.079,自律,综合偏差
pjxsqxbj881,1.0,0.12,自律,行为轨迹发生显著漂移
pjxsqxbj882,1.0,0.103,自律,行为轨迹发生显著漂移
pjxsqxbj893,0.887,0.1,规范,综合偏差
pjxsqxbj897,0.901,0.095,规范,综合偏差
pjxsqxbj900,0.821,0.067,规范,综合偏差
pjxsqxbj905,0.93,-0.151,自律,综合偏差
pjxsqxbj906,0.927,-0.123,自律,综合偏差
pjxsqxbj909,0.93,-0.045,自律,综合偏差
pjxsqxbj912,1.0,0.053,自律,综合偏差
pjxsqxbj916,1.0,0.058,自律,综合偏差
pjxsqxbj918,0.974,-0.083,自律,综合偏差
pjxsqxbj920,1.0,0.091,自律,综合偏差
pjxsqxbj921,0.993,0.007,自律,综合偏差
pjxsqxbj922,1.0,0.04,自律,综合偏差
pjxsqxbj925,1.0,0.146,自律,行为轨迹发生显著漂移
pjxsqxbj927,1.0,0.073,自律,综合偏差
pjxsqxbj929,0.927,-0.063,自律,综合偏差
pjxsqxbj932,1.0,0.155,自律,行为轨迹发生显著漂移
pjxsqxbj934,1.0,0.138,自律,行为轨迹发生显著漂移
pjxsqxbj936,1.0,0.098,自律,综合偏差
pjxsqxbj938,1.0,0.087,自律,综合偏差
pjxsqxbj939,0.952,-0.122,自律,综合偏差
pjxsqxbj940,0.976,0.014,自律,综合偏差
pjxsqxbj941,0.925,-0.014,自律,综合偏差
pjxsqxbj944,0.936,0.004,自律,综合偏差
pjxsqxbj953,1.0,0.1,自律,综合偏差
pjxsqxbj971,0.93,-0.018,自律,综合偏差
pjxsqxbj976,0.864,0.101,规范,行为轨迹发生显著漂移
pjxsqxbj980,1.0,0.08,自律,综合偏差
pjxsqxbj981,1.0,0.105,自律,行为轨迹发生显著漂移
pjxsqxbj982,1.0,0.09,自律,综合偏差
pjxsqxbj983,0.916,-0.132,自律,综合偏差
pjxsqxbj984,0.923,-0.012,自律,综合偏差
pjxsqxbj985,0.947,-0.025,自律,综合偏差
pjxsqxbj986,1.0,0.152,自律,行为轨迹发生显著漂移
pjxsqxbj989,0.939,-0.077,自律,综合偏差
pjxsqxbj994,0.916,-0.048,自律,综合偏差
pjxsqxbj995,0.975,0.012,自律,综合偏差
pjxsqxbj996,1.0,0.148,自律,行为轨迹发生显著漂移
pjxsqxbj998,1.0,0.024,自律,综合偏差
pjxtztbj985,1.0,0.093,自律,综合偏差
pjxtztbj986,0.935,-0.076,自律,综合偏差
pjxtztbj987,0.923,-0.149,自律,综合偏差
pjxtztbj989,1.0,0.094,稳健,综合偏差
pjxtztbj996,0.892,0.091,规范,综合偏差
pjxtztbj997,0.998,0.035,自律,综合偏差
pjxtzxbj997,0.814,0.058,规范,综合偏差
pjxuqwbj445,0.947,0.013,自律,综合偏差
pjxuqwbj446,1.0,0.091,稳健,综合偏差
pjxuqwbj449,0.912,-0.032,稳健,综合偏差
pjxuqwbj450,1.0,0.11,自律,行为轨迹发生显著漂移
pjxuqwbj454,0.902,-0.115,稳健,综合偏差
pjxuqwbj460,0.927,-0.136,自律,综合偏差
pjxuqwbj461,1.0,0.051,稳健,综合偏差
pjxuqwbj463,0.911,-0.116,稳健,综合偏差
pjxuqwbj468,0.926,-0.045,自律,综合偏差
pjxuqwbj470,0.947,-0.04,自律,综合偏差
pjxuqwbj472,1.0,0.146,稳健,行为轨迹发生显著漂移
pjxuqwbj473,0.926,0.015,稳健,综合偏差
pjxuqwbj474,1.0,0.156,自律,行为轨迹发生显著漂移
pjxuqwbj476,1.0,0.093,稳健,综合偏差
pjxuqwbj477,0.958,0.016,自律,综合偏差
pjxuqwbj478,0.909,-0.112,自律,综合偏差
pjxuqwbj479,0.928,-0.014,自律,综合偏差
pjxuqwbj483,0.929,-0.063,自律,综合偏差
pjxuqwbj489,0.929,-0.083,自律,综合偏差
pjxuqwbj490,0.94,0.091,规范,综合偏差
pjxuqwbj491,1.0,0.108,稳健,行为轨迹发生显著漂移
pjxuqwbj492,0.934,-0.079,自律,综合偏差
pjxuqwbj496,0.839,-0.12,稳健,综合偏差
pjxuqwbj498,0.839,-0.014,稳健,综合偏差
pjxuqwbj499,1.0,0.135,稳健,行为轨迹发生显著漂移
pjxuqwbj500,0.939,-0.009,自律,综合偏差
pjxuqwbj503,1.0,0.039,自律,综合偏差
pjxuqwbj505,1.0,0.053,自律,综合偏差
pjxuqwbj507,0.925,-0.052,自律,综合偏差
pjxuqwbj508,0.926,-0.021,自律,综合偏差
pjxuqwbj511,0.9,-0.113,自律,综合偏差
pjxuqwbj512,1.0,0.105,自律,行为轨迹发生显著漂移
pjxuqwbj515,0.918,-0.093,稳健,综合偏差
pjxuqwbj516,1.0,0.077,自律,综合偏差
pjxuqwbj517,1.0,0.14,自律,行为轨迹发生显著漂移
pjxuqwbj519,0.922,-0.038,自律,综合偏差
pjxuqwbj525,1.0,0.111,自律,行为轨迹发生显著漂移
pjxuqwbj526,0.908,-0.042,稳健,综合偏差
pjxuqwbj527,0.926,-0.118,自律,综合偏差
pjxuqwbj528,1.0,0.042,自律,综合偏差
pjxuqwbj536,0.839,-0.139,稳健,综合偏差
pjxuqwbj537,0.981,0.024,自律,综合偏差
pjxuqwbj539,1.0,0.095,稳健,综合偏差
pjxuqwbj545,0.858,-0.02,稳健,综合偏差
pjxuqwbj546,0.933,-0.095,自律,综合偏差
pjxuqwbj547,0.838,0.006,稳健,综合偏差
pjxuqwbj551,0.974,0.022,自律,综合偏差
pjxuqwbj552,0.848,-0.118,稳健,综合偏差
pjxuqwbj558,0.979,-0.14,自律,综合偏差
pjxuqwbj559,0.894,-0.039,稳健,综合偏差
pjxuqwbj562,0.924,-0.037,自律,综合偏差
pjxuqwbj564,1.0,0.119,稳健,行为轨迹发生显著漂移
pjxuqwbj565,1.0,0.069,稳健,综合偏差
pjxuqwbj566,1.0,0.109,自律,行为轨迹发生显著漂移
pjxuqwbj568,0.963,0.035,稳健,综合偏差
pjxuqwbj571,0.977,0.038,稳健,综合偏差
pjxuqwbj572,1.0,0.052,稳健,综合偏差
pjxuqwbj573,0.939,-0.029,自律,综合偏差
pjxuqwbj574,0.926,-0.097,自律,综合偏差
pjxuqwbj580,1.0,0.081,稳健,综合偏差
pjxuqwbj581,1.0,0.14,稳健,行为轨迹发生显著漂移
pjxuqwbj582,1.0,0.056,自律,综合偏差
pjxuqwbj583,0.937,0.096,规范,综合偏差
pjxuqwbj584,0.829,-0.082,稳健,综合偏差
pjxuqwbj585,1.0,0.085,自律,综合偏差
pjxuqwbj588,1.0,0.044,自律,综合偏差
pjxuqwbj591,0.93,-0.128,自律,综合偏差
pjxuqwbj605,0.951,-0.059,自律,综合偏差
pjxuqwbj606,1.0,0.123,自律,行为轨迹发生显著漂移
pjxuqwbj608,0.925,-0.105,自律,综合偏差
pjxuqwbj609,0.962,0.018,自律,综合偏差
pjxuqwbj610,0.94,-0.124,自律,综合偏差
pjxuqwbj615,0.996,0.053,稳健,综合偏差
pjxuqwbj618,0.983,0.028,自律,综合偏差
pjxuqwbj619,1.0,0.099,自律,综合偏差
pjxuqwbj621,0.995,0.027,自律,综合偏差
pjxuqwbj622,0.925,-0.077,自律,综合偏差
pjxuqwbj624,0.897,-0.148,稳健,综合偏差
pjxuqwbj631,0.99,0.006,自律,综合偏差
pjxuqwbj632,1.0,0.153,自律,行为轨迹发生显著漂移
pjxuqwbj634,0.835,-0.003,稳健,综合偏差
pjxuqwbj642,0.829,-0.022,稳健,综合偏差
pjxuqwbj643,0.826,-0.009,稳健,综合偏差
pjxuqwbj644,0.933,-0.073,自律,综合偏差
pjxuqwbj647,0.894,-0.124,稳健,综合偏差
pjxuqwbj648,0.949,0.025,稳健,综合偏差
pjxuqwbj650,0.899,-0.047,稳健,综合偏差
pjxuqwbj651,0.946,-0.038,自律,综合偏差
pjxuqwbj654,0.926,-0.098,自律,综合偏差
pjxuqwbj655,0.929,0.003,自律,综合偏差
pjxuqwbj658,0.954,-0.123,自律,综合偏差
pjxuqwbj659,0.926,-0.044,自律,综合偏差
pjxuqwbj661,1.0,0.096,自律,综合偏差
pjxuqwbj663,1.0,0.099,自律,综合偏差
pjxuqwbj665,0.97,-0.125,自律,综合偏差
pjxuqwbj666,0.946,0.001,自律,综合偏差
pjxuqwbj673,1.0,0.083,稳健,综合偏差
pjxuqwbj674,0.805,-0.112,稳健,综合偏差
pjxuqwbj677,1.0,0.132,稳健,行为轨迹发生显著漂移
pjxuqwbj678,0.843,-0.03,稳健,综合偏差
pjxuqwbj679,1.0,0.107,稳健,行为轨迹发生显著漂移
pjxuqwbj691,0.858,0.005,稳健,综合偏差
pjxuqwbj694,0.933,-0.1,自律,综合偏差
pjxuqwbj695,1.0,0.029,自律,综合偏差
pjxuqwbj698,0.94,-0.142,自律,综合偏差
pjxuqwbj699,0.925,-0.076,自律,综合偏差
pjxuqwbj701,1.0,0.026,自律,综合偏差
pjxuqwbj705,1.0,0.065,稳健,综合偏差
pjxuqwbj708,1.0,0.063,稳健,综合偏差
pjxuqwbj711,0.944,-0.109,自律,综合偏差
pjxuqwbj712,1.0,0.041,自律,综合偏差
pjxuqwbj713,1.0,0.093,自律,综合偏差
pjxuqwbj714,1.0,0.132,自律,行为轨迹发生显著漂移
pjxuqwbj715,0.943,-0.087,自律,综合偏差
pjxuqwbj721,0.826,-0.111,稳健,综合偏差
pjxuqwbj723,0.838,-0.095,稳健,综合偏差
pjxuqwbj733,0.832,-0.017,稳健,综合偏差
pjxuqwbj735,1.0,0.143,稳健,行为轨迹发生显著漂移
pjxuqwbj738,1.0,0.044,自律,综合偏差
pjxuqwbj739,0.924,-0.125,自律,综合偏差
pjxuqwbj745,0.926,-0.123,自律,综合偏差
pjxuqwbj748,0.922,-0.152,自律,综合偏差
pjxuqwbj750,0.984,-0.076,自律,综合偏差
pjxuqwbj751,1.0,0.125,自律,行为轨迹发生显著漂移
pjxuqwbj755,1.0,0.083,稳健,综合偏差
pjxuqwbj757,0.949,-0.006,自律,综合偏差
pjxuqwbj758,0.924,-0.042,自律,综合偏差
pjxuqwbj761,0.825,-0.096,稳健,综合偏差
pjxuqwbj767,0.929,-0.136,自律,综合偏差
pjxuqwbj770,0.929,-0.029,自律,综合偏差
pjxuqwbj778,0.941,-0.04,自律,综合偏差
pjxuqwbj781,1.0,0.066,自律,综合偏差
pjxuqwbj783,0.959,0.008,自律,综合偏差
pjxuqwbj784,1.0,0.131,自律,行为轨迹发生显著漂移
pjxuqwbj785,0.9,-0.074,稳健,综合偏差
pjxuqwbj786,0.98,-0.125,自律,综合偏差
pjxuqwbj787,0.923,-0.035,自律,综合偏差
pjxuqwbj788,1.0,0.082,稳健,综合偏差
pjxuqwbj796,0.94,-0.137,自律,综合偏差
pjxuqwbj797,0.925,-0.101,自律,综合偏差
pjxuqwbj800,1.0,0.039,自律,综合偏差
pjxuqwbj805,0.992,0.03,自律,综合偏差
pjxuqwbj811,0.847,-0.038,稳健,综合偏差
pjxuqwbj814,1.0,0.088,自律,综合偏差
pjxuqwbj818,0.943,-0.153,自律,综合偏差
pjxuqwbj826,0.94,-0.031,自律,综合偏差
pjxuqwbj829,0.9,-0.025,稳健,综合偏差
pjxuqwbj830,0.924,-0.04,自律,综合偏差
pjxuqwbj831,0.897,-0.004,自律,综合偏差
pjxuqwbj833,1.0,0.058,稳健,综合偏差
pjxuqwbj837,0.983,0.022,自律,综合偏差
pjxuqwbj838,0.899,-0.114,稳健,综合偏差
pjxuqwbj839,0.902,0.035,稳健,综合偏差
pjxuqwbj848,0.919,0.04,稳健,综合偏差
pjxuqwbj854,1.0,0.151,自律,行为轨迹发生显著漂移
pjxuqwbj857,1.0,0.067,稳健,综合偏差
pjxuqwbj858,1.0,0.115,稳健,行为轨迹发生显著漂移
pjxuqwbj861,0.902,-0.121,自律,综合偏差
pjxuqwbj870,0.919,-0.008,自律,综合偏差
pjxuqwbj871,1.0,0.04,自律,综合偏差
pjxuqwbj873,0.919,-0.096,自律,综合偏差
pjxuqwbj876,0.893,-0.024,稳健,综合偏差
pjxuqwbj877,1.0,0.153,自律,行为轨迹发生显著漂移
pjxuqwbj878,1.0,0.089,自律,综合偏差
pjxuqwbj879,0.934,-0.138,自律,综合偏差
pjxuqwbj892,0.98,0.024,自律,综合偏差
pjxuqwbj894,1.0,0.045,自律,综合偏差
pjxuqwbj898,1.0,0.12,自律,行为轨迹发生显著漂移
pjxuqwbj903,0.839,-0.107,稳健,综合偏差
pjxuqwbj904,0.919,-0.107,自律,综合偏差
pjxuqwbj905,0.919,-0.005,自律,综合偏差
pjxuqwbj906,1.0,0.152,自律,行为轨迹发生显著漂移
pjxuqwbj914,1.0,0.066,稳健,综合偏差
pjxuqwbj915,0.918,-0.103,自律,综合偏差
pjxuqwbj916,0.947,-0.107,自律,综合偏差
pjxuqwbj917,0.917,-0.087,自律,综合偏差
pjxuqwbj918,1.0,0.087,稳健,综合偏差
pjxuqwbj925,0.813,0.086,规范,综合偏差
pjxuqwbj927,0.842,-0.013,稳健,综合偏差
pjxuqwbj928,0.839,-0.045,稳健,综合偏差
pjxuqwbj930,0.85,-0.006,稳健,综合偏差
pjxuqwbj935,0.855,-0.03,自律,综合偏差
pjxuqwbj937,0.914,0.108,规范,行为轨迹发生显著漂移
pjxuqwbj944,0.916,0.01,稳健,综合偏差
pjxuqwbj947,0.892,-0.071,稳健,综合偏差
pjxuqwbj950,1.0,0.108,自律,行为轨迹发生显著漂移
pjxuqwbj952,0.911,-0.009,自律,综合偏差
pjxuqwbj953,0.938,-0.007,自律,综合偏差
pjxuqwbj954,0.908,-0.016,自律,综合偏差
pjxuqwbj955,1.0,0.092,自律,综合偏差
pjxuqwbj956,0.923,-0.035,自律,综合偏差
pjxuqwbj958,1.0,0.133,稳健,行为轨迹发生显著漂移
pjxuqwbj986,1.0,0.106,自律,行为轨迹发生显著漂移
pjxuqwbj988,0.937,-0.043,自律,综合偏差
pjxuqwbj992,0.93,-0.117,自律,综合偏差
pjxuqwbj993,1.0,0.113,自律,行为轨迹发生显著漂移
pjxuqwbj994,0.88,-0.122,自律,综合偏差
pjxuqwbj996,0.876,-0.017,稳健,综合偏差
pjxuzsfj977,0.957,-0.053,自律,综合偏差
pjxuzsfj978,0.959,-0.039,自律,综合偏差
pjxuzsfj980,0.961,-0.036,自律,综合偏差
pjxuzsfj981,0.963,-0.067,自律,综合偏差
pjxuzvbj996,0.858,-0.01,稳健,综合偏差
pjxuzxbj986,0.958,-0.142,自律,综合偏差
pjxuzxbj987,0.95,-0.094,自律,综合偏差
pjxvzrfj975,1.0,0.098,自律,综合偏差
pjxvzrfj978,1.0,0.099,自律,综合偏差
pjxvzrfj981,0.939,-0.081,自律,综合偏差
pjxvzrfj997,0.959,0.01,自律,综合偏差
pjxvztfj974,0.939,-0.088,自律,综合偏差
pjxvztfj992,0.941,-0.07,自律,综合偏差
pjxvztfj994,0.977,0.003,自律,综合偏差
pjxvzxbj989,0.952,-0.146,自律,综合偏差
pjxvzxbj996,0.941,-0.066,自律,综合偏差
pjxvzxbj997,0.921,-0.149,自律,综合偏差
pjxvzxfj970,0.939,-0.092,自律,综合偏差
pjxvzxfj972,0.934,-0.069,自律,综合偏差
pjxvzxfj980,0.939,-0.049,自律,综合偏差
pjxwxxbj905,0.982,0.028,自律,综合偏差
pjxwxxbj907,0.949,-0.089,自律,综合偏差
pjxwxxbj908,0.966,0.02,自律,综合偏差
pjxwxxbj910,1.0,0.143,自律,行为轨迹发生显著漂移
pjxwxxbj913,0.925,-0.123,自律,综合偏差
pjxwxxbj914,0.983,0.043,稳健,综合偏差
pjxwxxbj915,0.924,-0.018,自律,综合偏差
pjxwxxbj916,0.987,0.029,自律,综合偏差
pjxwxxbj928,0.927,-0.131,自律,综合偏差
pjxwxxbj930,0.924,-0.138,自律,综合偏差
pjxwxxbj934,0.897,-0.09,稳健,综合偏差
pjxwxxbj938,1.0,0.058,自律,综合偏差
pjxwxxbj940,1.0,0.106,自律,行为轨迹发生显著漂移
pjxwxxbj941,0.893,-0.106,自律,综合偏差
pjxwxxbj944,0.942,0.054,稳健,综合偏差
pjxwxxbj945,0.928,-0.108,自律,综合偏差
pjxwxxbj946,0.926,-0.07,自律,综合偏差
pjxwxxbj949,0.925,-0.141,自律,综合偏差
pjxwxxbj951,0.924,-0.141,自律,综合偏差
pjxwxxbj953,1.0,0.065,自律,综合偏差
pjxwxxbj960,1.0,0.057,自律,综合偏差
pjxwxxbj963,0.898,-0.095,自律,综合偏差
pjxwxxbj970,0.94,-0.058,自律,综合偏差
pjxwxxbj972,0.924,-0.115,自律,综合偏差
pjxwxxbj981,0.939,-0.146,自律,综合偏差
pjxwxxbj983,0.923,-0.118,自律,综合偏差
pjxwxxbj995,1.0,0.134,自律,行为轨迹发生显著漂移
pjxwzxbj985,0.897,-0.082,稳健,综合偏差
pjxwzxbj986,0.924,-0.105,自律,综合偏差
pjxwzxbj987,1.0,0.139,自律,行为轨迹发生显著漂移
pjxwzxbj989,0.959,0.015,自律,综合偏差
pjxwzxbj990,0.897,-0.09,稳健,综合偏差
pjxwzxbj993,0.954,-0.013,自律,综合偏差
pjxwzxbj996,1.0,0.122,稳健,行为轨迹发生显著漂移
pjxwzxbj997,0.87,0.021,稳健,综合偏差
pjxwzxbj998,0.924,-0.141,自律,综合偏差
pjxwzxfj975,0.972,-0.037,自律,综合偏差
pjxwzxfj981,0.942,-0.06,自律,综合偏差
pjxwzxfj983,1.0,0.11,自律,行为轨迹发生显著漂移
pjxwzxfj984,1.0,0.147,自律,行为轨迹发生显著漂移
pjxwzxfj987,1.0,0.057,自律,综合偏差
pjxwzxfj991,0.942,-0.117,自律,综合偏差
pjxwzxfj992,0.848,-0.105,稳健,综合偏差
pjxwzxfj993,0.94,-0.046,自律,综合偏差
pjxwzxfj994,1.0,0.13,自律,行为轨迹发生显著漂移
pjxwzxkj985,0.966,0.034,稳健,综合偏差
pjxwzxkj989,0.895,-0.119,稳健,综合偏差
pjxwzxkj991,1.0,0.132,稳健,行为轨迹发生显著漂移
pjxwzxkj992,1.0,0.096,稳健,综合偏差
pjxwzxkj993,0.898,0.001,稳健,综合偏差
pjxwzxkj996,0.928,-0.085,自律,综合偏差
pjxwzxkj998,0.926,-0.028,自律,综合偏差
pjxxxxbj901,1.0,0.081,自律,综合偏差
pjxxxxbj904,0.928,-0.099,自律,综合偏差
pjxxxxbj907,1.0,0.141,自律,行为轨迹发生显著漂移
pjxxxxbj908,1.0,0.119,自律,行为轨迹发生显著漂移
pjxxxxbj914,1.0,0.082,自律,综合偏差
pjxxxxbj917,0.839,-0.026,稳健,综合偏差
pjxxxxbj921,0.835,-0.116,稳健,综合偏差
pjxxxxbj923,0.93,-0.06,自律,综合偏差
pjxxxxbj930,0.935,-0.11,自律,综合偏差
pjxxxxbj933,0.85,-0.044,稳健,综合偏差
pjxxxxbj937,1.0,0.134,自律,行为轨迹发生显著漂移
pjxxxxbj942,0.842,-0.088,稳健,综合偏差
pjxxxxbj943,1.0,0.137,自律,行为轨迹发生显著漂移
pjxxxxbj944,0.874,0.086,规范,综合偏差
pjxxxxbj945,0.836,0.089,规范,综合偏差
pjxxxxbj953,1.0,0.113,稳健,行为轨迹发生显著漂移
pjxxxxbj957,0.843,-0.095,稳健,综合偏差
pjxxxxbj966,0.842,-0.098,稳健,综合偏差
pjxxxxbj975,0.997,0.077,稳健,综合偏差
pjxxxxbj980,0.843,-0.065,稳健,综合偏差
pjxxxxbj987,0.847,-0.038,稳健,综合偏差
pjxxxxbj988,0.998,0.078,稳健,综合偏差
pjxxxxbj989,0.81,0.069,规范,综合偏差
pjxxxxbj995,1.0,0.08,稳健,综合偏差
pjxxxxbj997,1.0,0.091,稳健,综合偏差
pjxxztfj972,1.0,0.083,稳健,综合偏差
pjxxzxkj978,0.886,0.047,规范,综合偏差
pjxxzxkj987,0.841,-0.071,稳健,综合偏差
pjxxzxkj990,0.846,-0.034,稳健,综合偏差
pjxxzxkj997,0.842,-0.071,稳健,综合偏差
pjxxzxkj998,0.816,0.064,规范,综合偏差
pjxyqwbj004,0.848,-0.139,稳健,综合偏差
pjxyqwbj006,0.836,-0.12,稳健,综合偏差
pjxyqwbj013,0.958,0.056,稳健,综合偏差
pjxyqwbj020,0.851,-0.02,稳健,综合偏差
pjxyqwbj027,0.811,0.069,规范,综合偏差
pjxyqwbj035,0.875,0.067,规范,综合偏差
pjxyqwbj036,0.855,-0.017,稳健,综合偏差
pjxyqwbj043,0.947,0.053,稳健,综合偏差
pjxyqwbj044,0.914,0.059,规范,综合偏差
pjxyqwbj049,0.823,0.079,规范,综合偏差
pjxyqwbj053,0.842,-0.079,稳健,综合偏差
pjxyqwbj054,0.851,-0.125,稳健,综合偏差
pjxyqwbj058,0.883,0.021,稳健,综合偏差
pjxyqwbj061,0.814,0.074,规范,综合偏差
pjxyqwbj069,1.0,0.132,稳健,行为轨迹发生显著漂移
pjxyqwbj072,0.842,-0.036,稳健,综合偏差
pjxyqwbj077,1.0,0.127,稳健,行为轨迹发生显著漂移
pjxyqwbj078,0.845,-0.033,稳健,综合偏差
pjxyqwbj084,0.935,0.047,稳健,综合偏差
pjxyqwbj085,0.812,0.008,规范,综合偏差
pjxyqwbj086,0.913,0.027,稳健,综合偏差
pjxyqwbj092,0.943,0.047,稳健,综合偏差
pjxyqwbj104,0.851,-0.031,稳健,综合偏差
pjxyqwbj108,0.842,-0.029,稳健,综合偏差
pjxyqwbj109,0.834,-0.125,稳健,综合偏差
pjxyqwbj112,1.0,0.133,稳健,行为轨迹发生显著漂移
pjxyqwbj116,0.809,-0.068,规范,综合偏差
pjxyqwbj117,1.0,0.103,稳健,行为轨迹发生显著漂移
pjxyqwbj125,0.999,0.084,稳健,综合偏差
pjxyqwbj126,0.858,-0.032,稳健,综合偏差
pjxyqwbj133,0.942,0.104,规范,行为轨迹发生显著漂移
pjxyqwbj153,0.844,-0.095,稳健,综合偏差
pjxyqwbj158,0.854,0.051,规范,综合偏差
pjxyqwbj159,0.886,0.112,规范,行为轨迹发生显著漂移
pjxyqwbj166,0.915,0.028,稳健,综合偏差
pjxyqwbj171,0.859,-0.1,稳健,综合偏差
pjxyqwbj188,0.804,-0.132,规范,综合偏差
pjxyqwbj192,0.911,0.088,规范,综合偏差
pjxyqwbj193,0.813,0.077,规范,综合偏差
pjxyqwbj205,0.848,-0.117,稳健,综合偏差
pjxyqwbj207,0.848,-0.089,稳健,综合偏差
pjxyqwbj219,0.908,0.035,稳健,综合偏差
pjxyqwbj223,0.847,-0.129,稳健,综合偏差
pjxyqwbj232,1.0,0.095,稳健,综合偏差
pjxyqwbj245,0.836,-0.018,稳健,综合偏差
pjxyqwbj248,1.0,0.105,稳健,行为轨迹发生显著漂移
pjxyqwbj249,1.0,0.121,稳健,行为轨迹发生显著漂移
pjxyqwbj251,0.817,0.041,规范,综合偏差
pjxyqwbj252,0.852,-0.125,稳健,综合偏差
pjxyqwbj266,0.93,0.044,稳健,综合偏差
pjxyqwbj274,0.89,0.021,稳健,综合偏差
pjxyqwbj279,1.0,0.083,自律,综合偏差
pjxyqwbj288,0.917,-0.145,自律,综合偏差
pjxyqwbj293,0.828,0.081,规范,综合偏差
pjxyqwbj309,0.965,0.062,稳健,综合偏差
pjxyqwbj318,0.995,0.08,稳健,综合偏差
pjxyqwbj322,0.849,0.057,规范,综合偏差
pjxyqwbj326,1.0,0.082,稳健,综合偏差
pjxyqwbj331,1.0,0.14,稳健,行为轨迹发生显著漂移
pjxyqwbj338,0.835,-0.078,稳健,综合偏差
pjxyqwbj340,0.874,0.039,规范,综合偏差
pjxyqwbj356,0.804,0.035,规范,综合偏差
pjxyqwbj358,1.0,0.078,稳健,综合偏差
pjxyqwbj360,1.0,0.081,稳健,综合偏差
pjxyqwbj361,0.853,0.059,规范,综合偏差
pjxyqwbj362,0.853,0.098,规范,综合偏差
pjxyqwbj366,0.828,0.084,规范,综合偏差
pjxyqwbj367,0.869,-0.143,稳健,综合偏差
pjxyqwbj368,0.835,-0.066,稳健,综合偏差
pjxyqwbj369,0.814,0.04,规范,综合偏差
pjxyqwbj375,0.986,0.072,稳健,综合偏差
pjxyqwbj380,1.0,0.106,规范,行为轨迹发生显著漂移
pjxyqwbj391,0.979,-0.003,自律,综合偏差
pjxyqwbj394,0.852,-0.058,稳健,综合偏差
pjxyqwbj397,1.0,0.138,自律,行为轨迹发生显著漂移
pjxyqwbj398,0.855,-0.081,稳健,综合偏差
pjxyqwbj403,0.842,-0.126,稳健,综合偏差
pjxyqwbj407,0.852,-0.008,稳健,综合偏差
pjxyqwbj408,0.841,-0.027,稳健,综合偏差
pjxyqwbj410,0.822,0.035,规范,综合偏差
pjxyqwbj417,0.963,0.055,稳健,综合偏差
pjxyqwbj425,0.902,0.025,稳健,综合偏差
pjxyqwbj428,0.934,0.038,稳健,综合偏差
pjxyqwbj431,0.855,0.003,稳健,综合偏差
pjxyqwbj435,0.843,-0.109,稳健,综合偏差
pjxyqwbj437,0.993,0.07,稳健,综合偏差
pjxyqwbj441,0.842,-0.116,稳健,综合偏差
pjxyqwbj453,0.852,-0.035,稳健,综合偏差
pjxyqwbj455,0.987,0.067,稳健,综合偏差
pjxyqwbj456,0.953,0.075,规范,综合偏差
pjxyqwbj459,0.89,0.112,规范,行为轨迹发生显著漂移
pjxyqwbj464,0.802,0.068,规范,综合偏差
pjxyqwbj469,1.0,0.134,稳健,行为轨迹发生显著漂移
pjxyqwbj478,1.0,0.106,稳健,行为轨迹发生显著漂移
pjxyqwbj479,0.852,-0.013,稳健,综合偏差
pjxyqwbj486,0.935,0.046,稳健,综合偏差
pjxyqwbj487,0.842,-0.133,稳健,综合偏差
pjxyqwbj500,0.964,0.112,规范,行为轨迹发生显著漂移
pjxyqwbj508,0.885,0.073,规范,综合偏差
pjxyqwbj515,0.918,0.038,稳健,综合偏差
pjxyqwbj524,0.819,0.077,规范,综合偏差
pjxyqwbj527,0.86,-0.046,稳健,综合偏差
pjxyqwbj531,0.842,-0.117,稳健,综合偏差
pjxyqwbj532,0.855,0.007,稳健,综合偏差
pjxyqwbj534,0.858,-0.137,稳健,综合偏差
pjxyqwbj535,1.0,0.088,稳健,综合偏差
pjxyqwbj538,0.842,0.089,规范,综合偏差
pjxyqwbj542,0.853,0.059,规范,综合偏差
pjxyqwbj552,0.874,0.108,规范,行为轨迹发生显著漂移
pjxyqwbj554,0.853,-0.13,稳健,综合偏差
pjxyqwbj557,0.849,-0.126,稳健,综合偏差
pjxyqwbj564,0.813,-0.106,规范,综合偏差
pjxyqwbj569,0.815,0.037,规范,综合偏差
pjxyqwbj570,0.858,0.099,规范,综合偏差
pjxyqwbj584,0.847,0.09,规范,综合偏差
pjxyqwbj591,0.863,0.031,规范,综合偏差
pjxyqwbj608,0.849,-0.012,稳健,综合偏差
pjxyqwbj611,0.848,-0.019,稳健,综合偏差
pjxyqwbj615,0.855,0.095,规范,综合偏差
pjxyqwbj616,0.922,0.04,稳健,综合偏差
pjxyqwbj617,0.894,0.022,稳健,综合偏差
pjxyqwbj622,0.886,0.022,稳健,综合偏差
pjxyqwbj625,0.954,0.051,稳健,综合偏差
pjxyqwbj630,1.0,0.135,稳健,行为轨迹发生显著漂移
pjxyqwbj634,0.855,-0.137,稳健,综合偏差
pjxyqwbj642,0.849,-0.071,稳健,综合偏差
pjxyqwbj646,0.895,0.029,稳健,综合偏差
pjxyqwbj662,0.973,0.091,规范,综合偏差
pjxyqwbj665,0.872,0.069,规范,综合偏差
pjxyqwbj673,0.91,0.088,规范,综合偏差
pjxyqwbj727,0.861,0.096,规范,综合偏差
pjxyqwbj732,0.834,0.089,规范,综合偏差
pjxyqwbj763,0.971,0.051,自律,综合偏差
pjxyqwbj764,0.802,-0.013,规范,综合偏差
pjxyqwbj773,0.933,0.097,规范,综合偏差
pjxyqwbj789,0.941,0.1,规范,综合偏差
pjxyqwbj820,0.821,0.077,规范,综合偏差
pjxyqwbj821,0.837,0.048,规范,综合偏差
pjxyqwbj833,0.865,0.105,规范,行为轨迹发生显著漂移
pjxyqwbj836,0.976,0.091,规范,综合偏差
pjxyqwbj847,0.809,0.035,规范,综合偏差
pjxyqwbj868,0.897,0.102,规范,行为轨迹发生显著漂移
pjxyqwbj876,0.863,0.103,规范,行为轨迹发生显著漂移
pjxyqwbj883,0.981,0.12,规范,行为轨迹发生显著漂移
pjxyqwbj903,0.982,0.119,规范,行为轨迹发生显著漂移
pjxyqwbj904,0.804,0.073,规范,综合偏差
pjxyqwbj907,0.97,0.113,规范,行为轨迹发生显著漂移
pjxyqwbj928,0.817,0.076,规范,综合偏差
pjxyqwbj945,0.844,-0.084,稳健,综合偏差
pjxyqwbj946,0.905,0.027,稳健,综合偏差
pjxyqwbj947,0.951,0.053,稳健,综合偏差
pjxyqwbj950,0.852,-0.084,稳健,综合偏差
pjxyqwbj958,0.86,0.097,规范,综合偏差
pjxyqwbj965,0.877,0.017,稳健,综合偏差
pjxyqwbj966,1.0,0.108,稳健,行为轨迹发生显著漂移
pjxyqwbj971,0.921,0.094,规范,综合偏差
pjxyqwbj977,1.0,0.123,稳健,行为轨迹发生显著漂移
pjxyqwbj988,0.998,0.077,稳健,综合偏差
pjxyqwbj991,0.878,0.106,规范,行为轨迹发生显著漂移
pjxyqwbj998,0.844,-0.074,稳健,综合偏差
pjxyqwbk509,0.816,0.073,规范,综合偏差
pjxyqwbk511,0.994,0.093,规范,综合偏差
pjxyqwbk514,0.845,-0.115,稳健,综合偏差
pjxyqwbk519,0.852,-0.138,稳健,综合偏差
pjxyqwbk527,0.964,0.116,规范,行为轨迹发生显著漂移
pjxyqwbk529,0.848,-0.032,稳健,综合偏差
pjxyqwbk534,0.869,0.103,规范,行为轨迹发生显著漂移
pjxyqwbk542,1.0,0.123,规范,行为轨迹发生显著漂移
pjxyqwbk544,0.918,0.037,稳健,综合偏差
pjxyqwbk547,0.923,0.09,规范,综合偏差
pjxyqwbk559,0.898,-0.075,自律,综合偏差
pjxyqwbk562,1.0,0.129,稳健,行为轨迹发生显著漂移
pjxyqwbk572,0.881,0.019,稳健,综合偏差
pjxyqwbk581,0.864,0.096,规范,综合偏差
pjxyqwbk583,0.926,0.062,规范,综合偏差
pjxyqwbk603,0.909,0.088,规范,综合偏差
pjxyqwbk604,0.843,0.088,规范,综合偏差
pjxyqwbk615,0.845,0.088,规范,综合偏差
pjxyqwbk622,0.862,0.003,自律,综合偏差
pjxyqwbk638,0.81,-0.102,规范,综合偏差
pjxyqwbk642,0.856,0.094,规范,综合偏差
pjxyqwbk652,1.0,0.083,自律,综合偏差
pjxyqwbk664,0.81,0.039,规范,综合偏差
pjxyqwbk668,1.0,0.104,规范,行为轨迹发生显著漂移
pjxyqwbk675,0.936,0.071,规范,综合偏差
pjxyqwbk679,0.941,0.098,规范,综合偏差
pjxyqwbk686,0.802,0.002,规范,综合偏差
pjxyqwbk708,0.873,0.066,规范,综合偏差
pjxyqwbk717,0.956,0.107,规范,行为轨迹发生显著漂移
pjxyqwbk724,0.837,0.082,规范,综合偏差
pjxyqwbk728,0.872,0.109,规范,行为轨迹发生显著漂移
pjxyqwbk736,0.948,0.049,自律,综合偏差
pjxyqwbk741,0.81,0.074,规范,综合偏差
pjxyqwbk749,0.947,0.074,规范,综合偏差
pjxyqwbk760,0.857,0.06,规范,综合偏差
pjxyqwbk761,0.877,0.103,规范,行为轨迹发生显著漂移
pjxyqwbk762,0.846,0.09,规范,综合偏差
pjxyqwbk777,0.897,-0.085,自律,综合偏差
pjxyqwbk781,0.947,0.107,规范,行为轨迹发生显著漂移
pjxyqwbk799,0.978,0.123,规范,行为轨迹发生显著漂移
pjxyqwbk808,0.883,0.109,规范,行为轨迹发生显著漂移
pjxyqwbk814,0.844,0.098,规范,综合偏差
pjxyqwbk830,0.917,0.093,规范,综合偏差
pjxyqwbk831,0.905,0.08,规范,综合偏差
pjxyqwbk844,0.926,0.095,规范,综合偏差
pjxyqwbk864,0.846,0.083,规范,综合偏差
pjxyqwbk868,0.846,0.081,规范,综合偏差
pjxyqwbk871,0.861,0.101,规范,行为轨迹发生显著漂移
pjxyqwbk885,0.944,0.105,规范,行为轨迹发生显著漂移
pjxyqwbk893,0.918,0.086,规范,综合偏差
pjxyqwbk900,0.835,0.017,规范,综合偏差
pjxyqwbk949,1.0,0.095,自律,综合偏差
pjxyqwbk953,0.823,0.037,规范,综合偏差
pjxyqwbk954,0.801,-0.035,规范,综合偏差
pjxyqwbk956,0.927,0.093,规范,综合偏差
pjxyqwbk964,0.967,0.109,规范,行为轨迹发生显著漂移
pjxyqxbj015,0.842,0.056,规范,综合偏差
pjxyqxbj023,0.85,-0.06,稳健,综合偏差
pjxyqxbj029,0.852,-0.087,稳健,综合偏差
pjxyqxbj038,0.85,-0.009,稳健,综合偏差
pjxyqxbj039,1.0,0.124,稳健,行为轨迹发生显著漂移
pjxyqxbj040,1.0,0.138,稳健,行为轨迹发生显著漂移
pjxyqxbj043,0.847,0.086,规范,综合偏差
pjxyqxbj046,0.862,0.001,稳健,综合偏差
pjxyqxbj048,1.0,0.081,稳健,综合偏差
pjxyqxbj051,1.0,0.111,稳健,行为轨迹发生显著漂移
pjxyqxbj052,1.0,0.132,稳健,行为轨迹发生显著漂移
pjxyqxbj058,0.851,-0.017,稳健,综合偏差
pjxyqxbj063,0.971,0.064,稳健,综合偏差
pjxyqxbj064,0.851,0.089,规范,综合偏差
pjxyqxbj065,0.864,0.098,规范,综合偏差
pjxyqxbj066,0.863,0.049,规范,综合偏差
pjxyqxbj067,1.0,0.125,稳健,行为轨迹发生显著漂移
pjxyqxbj074,0.844,-0.116,稳健,综合偏差
pjxyqxbj075,0.851,-0.13,稳健,综合偏差
pjxyqxbj100,0.854,-0.134,自律,综合偏差
pjxyqxbj103,1.0,0.122,稳健,行为轨迹发生显著漂移
pjxyqxbj106,0.859,-0.049,稳健,综合偏差
pjxyqxbj113,0.849,-0.099,稳健,综合偏差
pjxyqxbj117,0.856,0.003,稳健,综合偏差
pjxyqxbj120,0.981,0.065,稳健,综合偏差
pjxyqxbj129,1.0,0.084,稳健,综合偏差
pjxyqxbj131,0.978,0.068,稳健,综合偏差
pjxyqxbj145,1.0,0.12,稳健,行为轨迹发生显著漂移
pjxyqxbj146,0.859,-0.028,稳健,综合偏差
pjxyqxbj148,0.822,0.082,规范,综合偏差
pjxyqxbj150,1.0,0.122,稳健,行为轨迹发生显著漂移
pjxyqxbj151,0.862,0.004,稳健,综合偏差
pjxyqxbj152,1.0,0.129,稳健,行为轨迹发生显著漂移
pjxyqxbj153,0.867,0.009,稳健,综合偏差
pjxyqxbj154,0.85,-0.128,稳健,综合偏差
pjxyqxbj159,0.925,0.036,稳健,综合偏差
pjxyqxbj160,0.843,0.003,稳健,综合偏差
pjxyqxbj162,1.0,0.144,自律,行为轨迹发生显著漂移
pjxyqxbj164,0.85,-0.128,稳健,综合偏差
pjxyqxbj167,0.848,-0.074,稳健,综合偏差
pjxyqxbj169,1.0,0.116,自律,行为轨迹发生显著漂移
pjxyqxbj188,0.897,0.09,规范,综合偏差
pjxyqxbj195,0.941,0.047,稳健,综合偏差
pjxyqxbj198,0.851,-0.12,稳健,综合偏差
pjxyqxbj214,0.969,0.067,稳健,综合偏差
pjxyqxbj220,1.0,0.111,稳健,行为轨迹发生显著漂移
pjxyqxbj223,0.845,-0.113,稳健,综合偏差
pjxyqxbj225,0.843,0.08,规范,综合偏差
pjxyqxbj228,1.0,0.086,稳健,综合偏差
pjxyqxbj237,1.0,0.118,稳健,行为轨迹发生显著漂移
pjxyqxbj238,0.851,-0.057,稳健,综合偏差
pjxyqxbj239,0.851,-0.093,稳健,综合偏差
pjxyqxbj240,1.0,0.119,稳健,行为轨迹发生显著漂移
pjxyqxbj241,0.851,-0.075,稳健,综合偏差
pjxyqxbj242,0.967,0.061,稳健,综合偏差
pjxyqxbj271,1.0,0.073,稳健,综合偏差
pjxyqxbj277,0.843,-0.084,稳健,综合偏差
pjxyqxbj279,0.872,0.014,稳健,综合偏差
pjxyqxbj283,0.843,-0.094,稳健,综合偏差
pjxyqxbj285,0.86,-0.054,稳健,综合偏差
pjxyqxbj290,1.0,0.121,稳健,行为轨迹发生显著漂移
pjxyqxbj312,0.997,0.069,稳健,综合偏差
pjxyqxbj325,0.844,-0.13,稳健,综合偏差
pjxyqxbj330,1.0,0.092,稳健,综合偏差
pjxyqxbj332,1.0,0.091,稳健,综合偏差
pjxyqxbj333,0.999,0.072,稳健,综合偏差
pjxyqxbj334,0.886,0.102,规范,行为轨迹发生显著漂移
pjxyqxbj337,0.932,0.045,稳健,综合偏差
pjxyqxbj348,0.85,-0.048,稳健,综合偏差
pjxyqxbj352,0.843,-0.035,稳健,综合偏差
pjxyqxbj359,1.0,0.111,稳健,行为轨迹发生显著漂移
pjxyqxbj361,0.897,0.021,稳健,综合偏差
pjxyqxbj365,0.843,-0.02,稳健,综合偏差
pjxyqxbj370,0.846,0.05,规范,综合偏差
pjxyqxbj371,0.96,0.058,稳健,综合偏差
pjxyqxbj374,0.85,-0.141,稳健,综合偏差
pjxyqxbj391,1.0,0.118,稳健,行为轨迹发生显著漂移
pjxyqxbj399,0.973,0.067,自律,综合偏差
pjxyqxbj428,0.859,-0.056,稳健,综合偏差
pjxyqxbj432,0.838,-0.135,稳健,综合偏差
pjxyqxbj440,0.851,-0.046,稳健,综合偏差
pjxyqxbj448,0.851,-0.034,稳健,综合偏差
pjxyqxbj451,0.917,0.096,规范,综合偏差
pjxyqxbj454,1.0,0.113,稳健,行为轨迹发生显著漂移
pjxyqxbj455,0.851,-0.041,稳健,综合偏差
pjxyqxbj460,0.854,-0.105,稳健,综合偏差
pjxyqxbj470,1.0,0.13,稳健,行为轨迹发生显著漂移
pjxyqxbj474,0.858,-0.055,稳健,综合偏差
pjxyqxbj476,0.895,0.017,稳健,综合偏差
pjxyqxbj483,0.845,-0.114,稳健,综合偏差
pjxyqxbj484,1.0,0.085,稳健,综合偏差
pjxyqxbj490,0.852,-0.01,稳健,综合偏差
pjxyqxbj491,1.0,0.113,稳健,行为轨迹发生显著漂移
pjxyqxbj512,0.86,-0.052,稳健,综合偏差
pjxyqxbj520,0.85,-0.027,稳健,综合偏差
pjxyqxbj521,0.97,0.063,稳健,综合偏差
pjxyqxbj522,1.0,0.139,稳健,行为轨迹发生显著漂移
pjxyqxbj533,0.854,0.005,稳健,综合偏差
pjxyqxbj541,0.844,-0.036,稳健,综合偏差
pjxyqxbj544,0.85,-0.055,稳健,综合偏差
pjxyqxbj545,0.802,0.067,规范,综合偏差
pjxyqxbj557,0.879,0.102,规范,行为轨迹发生显著漂移
pjxyqxbj570,0.85,-0.008,稳健,综合偏差
pjxyqxbj571,0.865,0.01,稳健,综合偏差
pjxyqxbj577,1.0,0.11,稳健,行为轨迹发生显著漂移
pjxyqxbj578,0.85,-0.021,稳健,综合偏差
pjxyqxbj584,0.906,0.092,规范,综合偏差
pjxyqxbj585,0.924,0.034,自律,综合偏差
pjxyqxbj608,0.879,0.106,规范,行为轨迹发生显著漂移
pjxyqxbj625,0.902,0.029,稳健,综合偏差
pjxyqxbj628,0.818,0.073,规范,综合偏差
pjxyqxbj629,0.883,0.108,规范,行为轨迹发生显著漂移
pjxyqxbj635,0.897,0.109,规范,行为轨迹发生显著漂移
pjxyqxbj636,0.894,-0.129,自律,综合偏差
pjxyqxbj648,0.846,-0.101,稳健,综合偏差
pjxyqxbj653,1.0,0.113,稳健,行为轨迹发生显著漂移
pjxyqxbj657,0.953,0.051,稳健,综合偏差
pjxyqxbj658,0.83,0.082,规范,综合偏差
pjxyqxbj662,0.851,-0.082,稳健,综合偏差
pjxyqxbj663,0.858,-0.031,稳健,综合偏差
pjxyqxbj676,1.0,0.079,稳健,综合偏差
pjxyqxbj679,0.851,-0.125,稳健,综合偏差
pjxyqxbj681,0.836,0.085,规范,综合偏差
pjxyqxbj683,0.868,-0.114,自律,综合偏差
pjxyqxbj701,0.991,0.122,规范,行为轨迹发生显著漂移
pjxyqxbj703,0.831,0.077,规范,综合偏差
pjxyqxbj709,0.829,-0.019,规范,综合偏差
pjxyqxbj710,1.0,0.11,自律,行为轨迹发生显著漂移
pjxyqxbj717,0.931,0.043,稳健,综合偏差
pjxyqxbj724,0.829,-0.034,稳健,综合偏差
pjxyqxbj728,0.876,0.013,稳健,综合偏差
pjxyqxbj733,0.851,-0.022,稳健,综合偏差
pjxyqxbj734,0.85,-0.038,稳健,综合偏差
pjxyqxbj739,0.86,0.094,规范,综合偏差
pjxyqxbj749,0.984,0.118,规范,行为轨迹发生显著漂移
pjxyqxbj750,1.0,0.138,稳健,行为轨迹发生显著漂移
pjxyqxbj753,0.802,-0.08,规范,综合偏差
pjxyqxbj754,1.0,0.119,自律,行为轨迹发生显著漂移
pjxyqxbj770,1.0,0.117,稳健,行为轨迹发生显著漂移
pjxyqxbj777,0.854,0.048,规范,综合偏差
pjxyqxbj781,0.889,0.111,规范,行为轨迹发生显著漂移
pjxyqxbj800,1.0,0.106,稳健,行为轨迹发生显著漂移
pjxyqxbj813,0.865,0.013,稳健,综合偏差
pjxyqxbj817,0.856,0.003,稳健,综合偏差
pjxyqxbj828,0.879,0.066,规范,综合偏差
pjxyqxbj840,0.987,0.069,自律,综合偏差
pjxyqxbj841,0.991,0.069,稳健,综合偏差
pjxyqxbj846,0.845,-0.122,稳健,综合偏差
pjxyqxbj848,0.992,0.074,稳健,综合偏差
pjxyqxbj851,0.858,-0.082,稳健,综合偏差
pjxyqxbj854,0.845,-0.009,稳健,综合偏差
pjxyqxbj858,0.85,-0.088,稳健,综合偏差
pjxyqxbj861,0.844,-0.084,稳健,综合偏差
pjxyqxbj864,0.84,-0.094,稳健,综合偏差
pjxyqxbj866,0.852,-0.091,稳健,综合偏差
pjxyqxbj867,0.842,0.002,稳健,综合偏差
pjxyqxbj868,0.851,-0.077,稳健,综合偏差
pjxyqxbj869,0.849,-0.119,稳健,综合偏差
pjxyqxbj872,0.965,0.06,稳健,综合偏差
pjxyqxbj884,0.849,-0.136,稳健,综合偏差
pjxyqxbj888,0.869,0.004,稳健,综合偏差
pjxyqxbj893,0.848,-0.048,稳健,综合偏差
pjxyqxbj895,0.977,0.062,稳健,综合偏差
pjxyqxbj896,0.844,-0.111,稳健,综合偏差
pjxyqxbj897,0.85,-0.032,稳健,综合偏差
pjxyqxbj903,0.844,-0.001,稳健,综合偏差
pjxyqxbj907,0.844,-0.102,稳健,综合偏差
pjxyqxbj911,0.983,0.116,规范,行为轨迹发生显著漂移
pjxyqxbj914,0.844,-0.102,稳健,综合偏差
pjxyqxbj919,0.838,-0.046,稳健,综合偏差
pjxyqxbj922,0.845,-0.092,稳健,综合偏差
pjxyqxbj927,1.0,0.117,稳健,行为轨迹发生显著漂移
pjxyqxbj929,0.863,0.095,规范,综合偏差
pjxyqxbj935,0.851,-0.056,稳健,综合偏差
pjxyqxbj945,0.847,0.085,规范,综合偏差
pjxyqxbj948,0.952,0.051,稳健,综合偏差
pjxyqxbj949,0.855,0.094,规范,综合偏差
pjxyqxbj952,0.838,-0.111,稳健,综合偏差
pjxyqxbj955,0.845,-0.092,稳健,综合偏差
pjxyqxbj973,0.845,-0.097,稳健,综合偏差
pjxyqxbj978,0.947,0.048,稳健,综合偏差
pjxyqxbj981,0.846,-0.075,稳健,综合偏差
pjxyqxbj984,0.883,0.095,规范,综合偏差
pjxyqxbj985,0.868,0.011,稳健,综合偏差
pjxyqxbk019,1.0,0.134,稳健,行为轨迹发生显著漂移
pjxyqxbk024,0.851,-0.076,稳健,综合偏差
pjxyqxbk046,0.867,-0.102,稳健,综合偏差
pjxyqxbk076,0.958,0.055,稳健,综合偏差
pjxyqxbk090,0.849,-0.054,稳健,综合偏差
pjxyqxbk095,0.85,-0.004,稳健,综合偏差
pjxyqxbk125,1.0,0.122,自律,行为轨迹发生显著漂移
pjxyqxbk137,0.953,0.051,稳健,综合偏差
pjxyqxbk147,0.909,0.029,稳健,综合偏差
pjxyqxbk162,1.0,0.105,稳健,行为轨迹发生显著漂移
pjxyqxbk165,0.911,0.031,稳健,综合偏差
pjxyqxbk180,0.862,-0.067,稳健,综合偏差
pjxyqxbk182,0.851,-0.002,稳健,综合偏差
pjxyqxbk183,0.851,-0.011,稳健,综合偏差
pjxyqxbk211,0.861,-0.143,稳健,综合偏差
pjxyqxbk218,1.0,0.137,稳健,行为轨迹发生显著漂移
pjxyqxbk236,0.849,-0.028,稳健,综合偏差
pjxyqxbk242,0.859,-0.14,稳健,综合偏差
pjxyqxbk243,0.859,-0.012,稳健,综合偏差
pjxyqxbk263,0.85,-0.118,稳健,综合偏差
pjxyqxbk264,0.85,-0.015,稳健,综合偏差
pjxyqxbk281,1.0,0.141,稳健,行为轨迹发生显著漂移
pjxyqxbk286,1.0,0.116,稳健,行为轨迹发生显著漂移
pjxyqxbk305,0.899,0.024,稳健,综合偏差
pjxyqxbk307,0.851,-0.008,稳健,综合偏差
pjxyqxbk319,0.85,-0.108,稳健,综合偏差
pjxyqxbk325,0.869,0.005,稳健,综合偏差
pjxyqxbk328,0.852,-0.133,稳健,综合偏差
pjxyqxbk335,0.85,-0.044,稳健,综合偏差
pjxyqxbk336,0.851,-0.099,稳健,综合偏差
pjxyqxbk339,0.925,0.037,稳健,综合偏差
pjxyqxbk358,0.864,0.006,稳健,综合偏差
pjxyqxbk368,1.0,0.104,稳健,行为轨迹发生显著漂移
pjxyqxbk373,1.0,0.105,自律,行为轨迹发生显著漂移
pjxyqxbk375,0.851,-0.035,稳健,综合偏差
pjxyqxbk382,0.842,-0.05,稳健,综合偏差
pjxyqxbk398,0.85,-0.141,稳健,综合偏差
pjxyqxbk401,0.85,-0.029,自律,综合偏差
pjxyqxbk402,0.851,-0.097,稳健,综合偏差
pjxyqxbk415,1.0,0.084,稳健,综合偏差
pjxyqxbk428,1.0,0.136,稳健,行为轨迹发生显著漂移
pjxyqxbk429,1.0,0.13,稳健,行为轨迹发生显著漂移
pjxyqxbk444,0.852,-0.049,稳健,综合偏差
pjxyqxbk445,0.848,-0.012,稳健,综合偏差
pjxyqxbk452,0.91,0.03,稳健,综合偏差
pjxyqxbk474,1.0,0.139,稳健,行为轨迹发生显著漂移
pjxyqxbk479,0.851,-0.078,稳健,综合偏差
pjxyqxbk481,1.0,0.133,稳健,行为轨迹发生显著漂移
pjxyqxbk484,1.0,0.126,稳健,行为轨迹发生显著漂移
pjxyqxbk501,0.928,0.03,稳健,综合偏差
pjxyqxbk503,1.0,0.123,稳健,行为轨迹发生显著漂移
pjxyqxbk505,0.85,-0.065,稳健,综合偏差
pjxyqxbk513,0.88,0.015,稳健,综合偏差
pjxyqxbk521,0.85,-0.047,稳健,综合偏差
pjxyqxbk527,0.849,-0.135,稳健,综合偏差
pjxyqxbk528,0.858,-0.001,稳健,综合偏差
pjxyqxbk533,1.0,0.131,稳健,行为轨迹发生显著漂移
pjxyqxbk534,0.979,0.065,稳健,综合偏差
pjxyqxbk543,0.85,-0.102,稳健,综合偏差
pjxyqxbk547,0.844,-0.04,稳健,综合偏差
pjxyqxbk551,0.85,-0.108,稳健,综合偏差
pjxyqxbk553,0.991,0.066,稳健,综合偏差
pjxyqxbk562,0.85,-0.035,稳健,综合偏差
pjxyqxbk578,0.857,-0.03,稳健,综合偏差
pjxyqxbk579,1.0,0.094,自律,综合偏差
pjxyqxbk603,0.945,0.039,稳健,综合偏差
pjxyqxbk604,0.848,-0.038,稳健,综合偏差
pjxyqxbk610,0.85,-0.027,稳健,综合偏差
pjxyqxbk615,1.0,0.102,稳健,行为轨迹发生显著漂移
pjxyqxbk625,0.849,-0.042,稳健,综合偏差
pjxyqxbk629,0.842,-0.128,稳健,综合偏差
pjxyqxbk642,0.858,-0.137,稳健,综合偏差
pjxyqxbk649,0.849,-0.129,稳健,综合偏差
pjxyqxbk655,0.849,-0.013,稳健,综合偏差
pjxyqxbk665,0.859,-0.07,稳健,综合偏差
pjxyqxbk674,0.838,-0.136,稳健,综合偏差
pjxyqxbk676,0.87,0.006,稳健,综合偏差
pjxyqxbk677,0.849,-0.004,稳健,综合偏差
pjxyqxbk681,1.0,0.125,稳健,行为轨迹发生显著漂移
pjxyqxbk682,0.977,0.058,稳健,综合偏差
pjxyqxbk683,0.899,0.025,稳健,综合偏差
pjxyqxbk686,1.0,0.102,稳健,行为轨迹发生显著漂移
pjxyqxbk710,0.876,-0.088,稳健,综合偏差
pjxyqxbk715,0.85,-0.076,稳健,综合偏差
pjxyqxbk723,0.944,0.041,自律,综合偏差
pjxyqxbk731,0.85,-0.068,稳健,综合偏差
pjxyqxbk791,0.949,0.045,稳健,综合偏差
pjxyqxbk794,0.859,-0.11,稳健,综合偏差
pjxyqxbk795,1.0,0.11,稳健,行为轨迹发生显著漂移
pjxyqxbk797,0.889,0.019,稳健,综合偏差
pjxyqxbk798,0.912,0.027,稳健,综合偏差
pjxyqxbk799,0.848,-0.067,稳健,综合偏差
pjxyqxbk803,0.934,0.037,稳健,综合偏差
pjxyqxbk816,0.858,-0.108,稳健,综合偏差
pjxyqxbk825,1.0,0.126,稳健,行为轨迹发生显著漂移
pjxyqxbk827,0.875,0.008,稳健,综合偏差
pjxyqxbk836,0.953,0.052,稳健,综合偏差
pjxyqxbk841,0.935,0.043,稳健,综合偏差
pjxyqxbk844,1.0,0.14,稳健,行为轨迹发生显著漂移
pjxyqxbk848,0.85,-0.066,稳健,综合偏差
pjxyqxbk852,0.951,0.055,稳健,综合偏差
pjxyqxbk863,0.86,-0.142,稳健,综合偏差
pjxyqxbk865,0.959,0.056,稳健,综合偏差
pjxyqxbk867,0.851,-0.024,稳健,综合偏差
pjxyqxbk869,0.861,-0.029,稳健,综合偏差
pjxyqxbk880,0.834,-0.026,稳健,综合偏差
pjxyqxbk894,0.913,-0.119,自律,综合偏差
pjxyqxbk902,0.851,-0.008,稳健,综合偏差
pjxyqxbk905,0.959,0.059,稳健,综合偏差
pjxyqxbk907,0.916,0.033,稳健,综合偏差
pjxyqxbk908,0.848,-0.031,稳健,综合偏差
pjxyqxbk911,1.0,0.138,稳健,行为轨迹发生显著漂移
pjxyqxbk916,0.853,-0.025,自律,综合偏差
pjxyqxbk918,0.906,-0.088,自律,综合偏差
pjxyqxbk929,0.975,0.065,稳健,综合偏差
pjxyqxbk935,1.0,0.085,稳健,综合偏差
pjxyqxbk936,0.984,0.062,稳健,综合偏差
pjxyqxbk941,0.876,-0.133,稳健,综合偏差
pjxyqxbk947,1.0,0.13,稳健,行为轨迹发生显著漂移
pjxyqxbk951,0.934,0.038,稳健,综合偏差
pjxyqxbk954,0.983,0.066,稳健,综合偏差
pjxyqxbk957,0.912,0.027,稳健,综合偏差
pjxyqxbk961,0.852,-0.128,稳健,综合偏差
pjxyqxbk965,0.859,-0.056,稳健,综合偏差
pjxyqxbk980,1.0,0.122,稳健,行为轨迹发生显著漂移
pjxyqxbk991,1.0,0.119,稳健,行为轨迹发生显著漂移
pjxyqxbl687,0.854,-0.065,稳健,综合偏差
pjxyqxbl688,0.964,0.034,自律,综合偏差
pjxyqxbl704,0.996,0.073,稳健,综合偏差
pjxyqxbl712,0.911,-0.073,自律,综合偏差
pjxyqxbl717,1.0,0.137,稳健,行为轨迹发生显著漂移
pjxyqxbl723,0.927,0.013,自律,综合偏差
pjxyqxbl724,0.852,-0.084,稳健,综合偏差
pjxyqxbl730,0.985,0.07,稳健,综合偏差
pjxyqxbl737,0.968,0.062,稳健,综合偏差
pjxyqxbl743,1.0,0.122,稳健,行为轨迹发生显著漂移
pjxyqxbl750,0.844,-0.128,稳健,综合偏差
pjxyqxbl751,1.0,0.072,稳健,综合偏差
pjxyqxbl752,0.873,0.069,规范,综合偏差
pjxyqxbl753,0.843,-0.028,稳健,综合偏差
pjxyqxbl755,1.0,0.111,规范,行为轨迹发生显著漂移
pjxyqxbl769,0.834,0.085,规范,综合偏差
pjxyqxbl797,0.95,0.05,稳健,综合偏差
pjxyqxbl804,0.801,0.071,规范,综合偏差
pjxyqxbl808,1.0,0.087,稳健,综合偏差
pjxyqxbl828,0.823,0.082,规范,综合偏差
pjxyqxbl874,0.86,0.097,规范,综合偏差
pjxyqxbl878,0.829,0.083,规范,综合偏差
pjxyqxbl879,0.88,0.111,规范,行为轨迹发生显著漂移
pjxyqxbl918,0.878,0.111,规范,行为轨迹发生显著漂移
pjxyqxbl927,0.846,-0.013,稳健,综合偏差
pjxyqxbl943,0.887,0.094,规范,综合偏差
pjxyqxbl945,0.88,0.068,规范,综合偏差
pjxyqxbl950,0.995,0.08,稳健,综合偏差
pjxyqxbl955,0.804,0.029,规范,综合偏差
pjxyqxbl965,0.804,0.066,规范,综合偏差
